{"assets/audios/favicon.png":["assets/audios/favicon.png"],"assets/fonts/Karla-Bold.ttf":["assets/fonts/Karla-Bold.ttf"],"assets/fonts/Karla-BoldItalic.ttf":["assets/fonts/Karla-BoldItalic.ttf"],"assets/fonts/Karla-ExtraBold.ttf":["assets/fonts/Karla-ExtraBold.ttf"],"assets/fonts/Karla-ExtraBoldItalic.ttf":["assets/fonts/Karla-ExtraBoldItalic.ttf"],"assets/fonts/Karla-ExtraLight.ttf":["assets/fonts/Karla-ExtraLight.ttf"],"assets/fonts/Karla-ExtraLightItalic.ttf":["assets/fonts/Karla-ExtraLightItalic.ttf"],"assets/fonts/Karla-Italic.ttf":["assets/fonts/Karla-Italic.ttf"],"assets/fonts/Karla-Light.ttf":["assets/fonts/Karla-Light.ttf"],"assets/fonts/Karla-LightItalic.ttf":["assets/fonts/Karla-LightItalic.ttf"],"assets/fonts/Karla-Medium.ttf":["assets/fonts/Karla-Medium.ttf"],"assets/fonts/Karla-MediumItalic.ttf":["assets/fonts/Karla-MediumItalic.ttf"],"assets/fonts/Karla-Regular.ttf":["assets/fonts/Karla-Regular.ttf"],"assets/fonts/Karla-SemiBold.ttf":["assets/fonts/Karla-SemiBold.ttf"],"assets/fonts/Karla-SemiBoldItalic.ttf":["assets/fonts/Karla-SemiBoldItalic.ttf"],"assets/fonts/favicon.png":["assets/fonts/favicon.png"],"assets/images/WhatsApp_Image_2024-06-24_at_12.39.23_PM.jpeg":["assets/images/WhatsApp_Image_2024-06-24_at_12.39.23_PM.jpeg"],"assets/images/adaptive_foreground_icon.jpeg":["assets/images/adaptive_foreground_icon.jpeg"],"assets/images/app_launcher_icon.jpeg":["assets/images/app_launcher_icon.jpeg"],"assets/images/error_image.jpeg":["assets/images/error_image.jpeg"],"assets/images/favicon.png":["assets/images/favicon.png"],"assets/lottie_animations/favicon.png":["assets/lottie_animations/favicon.png"],"assets/pdfs/favicon.png":["assets/pdfs/favicon.png"],"assets/rive_animations/favicon.png":["assets/rive_animations/favicon.png"],"assets/videos/favicon.png":["assets/videos/favicon.png"],"packages/cupertino_icons/assets/CupertinoIcons.ttf":["packages/cupertino_icons/assets/CupertinoIcons.ttf"],"packages/font_awesome_flutter/lib/fonts/fa-brands-400.ttf":["packages/font_awesome_flutter/lib/fonts/fa-brands-400.ttf"],"packages/font_awesome_flutter/lib/fonts/fa-regular-400.ttf":["packages/font_awesome_flutter/lib/fonts/fa-regular-400.ttf"],"packages/font_awesome_flutter/lib/fonts/fa-solid-900.ttf":["packages/font_awesome_flutter/lib/fonts/fa-solid-900.ttf"]}