[{"family":"MaterialIcons","fonts":[{"asset":"fonts/MaterialIcons-Regular.otf"}]},{"family":"Jakir","fonts":[{"weight":200,"asset":"assets/fonts/Karla-ExtraLight.ttf"},{"weight":200,"style":"italic","asset":"assets/fonts/Karla-ExtraLightItalic.ttf"},{"weight":300,"asset":"assets/fonts/Karla-Light.ttf"},{"weight":300,"style":"italic","asset":"assets/fonts/Karla-LightItalic.ttf"},{"asset":"assets/fonts/Karla-Regular.ttf"},{"style":"italic","asset":"assets/fonts/Karla-Italic.ttf"},{"weight":500,"asset":"assets/fonts/Karla-Medium.ttf"},{"weight":500,"style":"italic","asset":"assets/fonts/Karla-MediumItalic.ttf"},{"weight":600,"asset":"assets/fonts/Karla-SemiBold.ttf"},{"weight":600,"style":"italic","asset":"assets/fonts/Karla-SemiBoldItalic.ttf"},{"weight":700,"asset":"assets/fonts/Karla-Bold.ttf"},{"weight":700,"style":"italic","asset":"assets/fonts/Karla-BoldItalic.ttf"},{"weight":800,"asset":"assets/fonts/Karla-ExtraBold.ttf"},{"weight":800,"style":"italic","asset":"assets/fonts/Karla-ExtraBoldItalic.ttf"}]},{"family":"packages/cupertino_icons/CupertinoIcons","fonts":[{"asset":"packages/cupertino_icons/assets/CupertinoIcons.ttf"}]},{"family":"packages/font_awesome_flutter/FontAwesomeBrands","fonts":[{"weight":400,"asset":"packages/font_awesome_flutter/lib/fonts/fa-brands-400.ttf"}]},{"family":"packages/font_awesome_flutter/FontAwesomeRegular","fonts":[{"weight":400,"asset":"packages/font_awesome_flutter/lib/fonts/fa-regular-400.ttf"}]},{"family":"packages/font_awesome_flutter/FontAwesomeSolid","fonts":[{"weight":900,"asset":"packages/font_awesome_flutter/lib/fonts/fa-solid-900.ttf"}]}]